Credit_History,Gender_Female,Gender_Male,Married_No,Married_Yes,Dependents_0,Dependents_1,Dependents_2,Dependents_3+,Education_Graduate,Education_Not Graduate,Self_Employed_No,Self_Employed_Yes,Property_Area_Rural,Property_Area_Semiurban,Property_Area_Urban,ApplicantIncome,CoapplicantIncome,LoanAmount,Loan_Amount_Term,label
1.0,0,1,1,0,1,0,0,0,1,0,1,0,0,0,1,8.674027695135528,-4.605170185988091,4.852108385868018,360.0,1
1.0,0,1,0,1,0,1,0,0,1,0,1,0,1,0,0,8.430111266483614,7.318546179845649,4.852108385868018,360.0,0
1.0,0,1,0,1,1,0,0,0,1,0,0,1,0,0,1,8.006370900978025,-4.605170185988091,4.189806245700679,360.0,1
1.0,0,1,0,1,1,0,0,0,0,1,1,0,0,0,1,7.856710664555632,7.765573321970427,4.78757507264335,360.0,1
1.0,0,1,1,0,1,0,0,0,1,0,1,0,0,0,1,8.69951641487547,-4.605170185988091,4.948830809849139,360.0,1
1.0,0,1,0,1,0,0,1,0,1,0,0,1,0,0,1,8.597299281696438,8.341889352735464,5.587286110882417,360.0,1
1.0,0,1,0,1,1,0,0,0,0,1,1,0,0,0,1,7.754914558338862,7.32383716248663,4.553982149218658,360.0,1
0.0,0,1,0,1,0,0,0,1,1,0,1,0,0,1,0,8.018299432317738,7.825648725822238,5.062658322163408,360.0,0
1.0,0,1,0,1,0,0,1,0,1,0,1,0,0,0,1,8.295551012478265,7.330411764902879,5.124023501441311,360.0,1
1.0,0,1,0,1,0,1,0,0,1,0,1,0,0,1,0,9.46039923458652,9.302738132984988,5.855100575087058,360.0,0
1.0,0,1,0,1,0,0,1,0,1,0,1,0,0,0,1,8.070909213782935,6.55109462065565,4.248638088989106,360.0,1
1.0,0,1,0,1,0,0,1,0,1,0,1,0,0,0,1,7.824050010848293,7.517526285370872,4.691439621140267,360.0,1
1.0,0,1,0,1,0,0,1,0,1,0,1,0,0,0,1,8.03041281627423,9.000361040841577,5.298367365298079,360.0,1
1.0,0,1,1,0,1,0,0,0,1,0,1,0,1,0,0,7.524566622924873,7.9515628522758135,4.736286163845628,360.0,0
1.0,0,1,0,1,0,0,1,0,1,0,1,0,0,0,1,7.169357714870376,6.990265708554618,2.8338014064077703,120.0,1
1.0,0,1,1,0,1,0,0,0,1,0,1,0,0,0,1,8.507144875762716,-4.605170185988091,4.828393734102471,360.0,1
1.0,0,1,1,0,0,1,0,0,0,1,1,0,0,0,1,8.187580176455276,-4.605170185988091,4.605270180988425,240.0,1
0.0,1,0,1,0,1,0,0,0,1,0,1,0,0,0,1,8.163374165458702,-4.605170185988091,4.330864910577949,360.0,0
1.0,0,1,0,1,1,0,0,0,0,1,1,0,1,0,0,8.494335943513201,-4.605170185988091,4.890424313365204,360.0,0
1.0,0,1,0,1,1,0,0,0,1,0,1,0,0,0,1,7.863270570156023,8.160521104616281,4.74501908110449,360.0,1
0.0,0,1,0,1,1,0,0,0,0,1,1,0,0,0,1,8.943768568216814,-4.605170185988091,4.644487048365042,360.0,0
1.0,0,1,0,1,0,1,0,0,1,0,1,0,0,0,1,8.691988161049116,8.634978004848819,5.752604384353485,360.0,1
0.0,0,1,0,1,1,0,0,0,0,1,1,0,0,1,0,7.863270570156023,7.555387177088957,4.753676394287315,360.0,0
0.0,0,1,0,1,0,0,1,0,0,1,1,0,1,0,0,8.121186213842615,7.558521959516129,4.718588153023648,360.0,0
1.0,0,1,0,1,0,1,0,0,1,0,1,0,0,1,0,8.220674860635306,7.981053178463531,5.017346059787697,360.0,0
1.0,0,1,0,1,1,0,0,0,1,0,0,1,0,1,0,9.165344052070004,-4.605170185988091,5.252325782697044,360.0,1
1.0,0,1,0,1,1,0,0,0,1,0,1,0,0,1,0,7.937021062213609,7.720022378948803,4.8041030085872425,360.0,1
1.0,0,1,0,1,0,0,1,0,0,1,1,0,0,0,1,8.349013564477035,6.946985607473806,4.700571270751344,360.0,1
1.0,0,1,1,0,1,0,0,0,0,1,1,0,0,0,1,7.273793252633609,-4.605170185988091,3.555633734966574,360.0,0
1.0,1,0,1,0,0,0,1,0,1,0,1,0,0,1,0,8.229513785627567,7.641569242017571,4.78757507264335,360.0,1
1.0,0,1,0,1,0,1,0,0,1,0,1,0,0,0,1,8.334714022202098,8.122374211641981,5.303354658065305,360.0,0
1.0,0,1,1,0,1,0,0,0,1,0,1,0,0,0,1,8.060543204096017,-4.605170185988091,4.304200219209375,360.0,0
1.0,0,1,1,0,0,1,0,0,1,0,0,1,1,0,0,8.453616341058392,-4.605170185988091,4.663533429285006,360.0,0
1.0,0,1,0,1,1,0,0,0,1,0,1,0,0,1,0,8.160521104616281,7.418786881533041,4.736286163845628,360.0,1
1.0,0,1,1,0,0,0,0,1,1,0,1,0,1,0,0,9.433484723290073,8.006370900978025,5.768352245305501,360.0,0
1.0,0,1,0,1,1,0,0,0,1,0,1,0,0,0,1,7.729739726979786,7.633858397599432,4.852108385868018,360.0,1
0.0,0,1,0,1,1,0,0,0,1,0,1,0,0,0,1,7.510983222458651,7.192941739984526,4.605270180988425,360.0,0
1.0,1,0,0,1,1,0,0,0,1,0,1,0,0,1,0,8.207131895092424,7.285513402508893,4.969882741609291,360.0,1
1.0,0,1,1,0,1,0,0,0,1,0,1,0,0,0,1,8.334714022202098,8.883225617240585,5.214990103958283,360.0,1
1.0,0,1,1,0,1,0,0,0,0,1,1,0,0,1,0,8.228980311444401,7.419386578104558,4.700571270751344,360.0,1
1.0,0,1,1,0,1,0,0,0,1,0,1,0,0,0,1,8.188691902218121,-4.605170185988091,4.382151626862033,360.0,0
1.0,0,1,1,0,1,0,0,0,1,0,1,0,0,0,1,7.495547499424379,7.100860152933151,3.850360345036039,360.0,1
1.0,0,1,0,1,1,0,0,0,1,0,1,0,0,0,1,7.783228182994023,-4.605170185988091,4.317621437981545,360.0,1
1.0,0,1,0,1,1,0,0,0,1,0,1,0,0,1,0,8.279192314618834,7.756199624760873,4.897914424032137,360.0,1
1.0,0,1,0,1,1,0,0,0,0,1,0,1,0,0,1,8.454255521565548,-4.605170185988091,4.564452352709533,360.0,1
1.0,1,0,1,0,1,0,0,0,1,0,1,0,0,0,1,8.134470502824582,-4.605170185988091,4.47745044438572,360.0,1
1.0,0,1,0,1,0,1,0,0,1,0,1,0,0,0,1,8.639235587548514,-4.605170185988091,3.784416880823,360.0,1
1.0,0,1,0,1,1,0,0,0,1,0,1,0,0,0,1,8.669229065188144,-4.605170185988091,4.969882741609291,360.0,1
0.0,1,0,0,1,1,0,0,0,1,0,1,0,0,0,1,7.880430125003589,8.143229657339964,4.78757507264335,360.0,0
1.0,1,0,1,0,1,0,0,0,1,0,1,0,0,1,0,8.294052140098902,7.729739726979786,4.969882741609291,360.0,1
1.0,1,0,0,1,1,0,0,0,0,1,1,0,0,1,0,7.564243661879032,7.4048936583226865,4.605270180988425,360.0,1
1.0,1,0,1,0,1,0,0,0,1,0,1,0,0,1,0,8.034634273358556,-4.605170185988091,4.78757507264335,360.0,1
1.0,1,0,1,0,1,0,0,0,1,0,1,0,0,1,0,8.349959636103723,-4.605170185988091,4.718588153023648,360.0,0
1.0,0,1,0,1,0,0,1,0,1,0,1,0,0,0,1,8.437285974563405,-4.605170185988091,4.897914424032137,360.0,0
0.0,1,0,0,1,0,1,0,0,1,0,0,1,0,0,1,9.35010318391618,-4.605170185988091,5.656026775243555,360.0,0
1.0,0,1,0,1,0,0,1,0,1,0,1,0,0,1,0,7.903969326787534,7.062200201230134,4.574814065973192,360.0,1
1.0,0,1,0,1,1,0,0,0,1,0,1,0,0,1,0,7.664820475706255,7.372124313673156,4.564452352709533,360.0,1
1.0,0,1,0,1,1,0,0,0,1,0,1,0,1,0,0,8.121483345631662,7.696217184790623,4.905348849769155,360.0,0
1.0,0,1,0,1,0,1,0,0,1,0,1,0,0,0,1,8.997148389138138,7.718689939633034,5.193012404902613,360.0,1
1.0,0,1,0,1,0,0,1,0,0,1,1,0,0,0,1,8.118805975825762,7.958230690042672,4.969882741609291,360.0,1
1.0,0,1,0,1,1,0,0,0,1,0,1,0,0,0,1,7.824050010848293,8.241705794078298,4.78757507264335,360.0,1
1.0,0,1,0,1,0,0,0,1,1,0,1,0,0,0,1,8.015991112441398,-4.605170185988091,4.595220855134423,360.0,1
0.0,0,1,0,1,1,0,0,0,0,1,0,1,1,0,0,7.8667261180155466,8.145842512323766,5.106006078124714,180.0,0
0.0,0,1,0,1,0,1,0,0,1,0,1,0,1,0,0,8.50613426629946,-4.605170185988091,4.852108385868018,360.0,0
0.0,1,0,1,0,1,0,0,0,1,0,1,0,0,1,0,8.334714022202098,-4.605170185988091,4.753676394287315,360.0,0
1.0,0,1,0,1,1,0,0,0,1,0,1,0,0,1,0,8.652774232076375,8.432726211065983,5.552998343860403,360.0,0
0.0,0,1,1,0,1,0,0,0,0,1,1,0,0,0,1,8.070909213782935,7.720466131147112,4.836361268881602,180.0,0
1.0,0,1,0,1,0,1,0,0,1,0,1,0,0,0,1,9.282661963787934,-4.605170185988091,5.743035238577902,360.0,1
1.0,0,1,0,1,0,0,0,1,0,1,0,1,0,0,1,8.867851471479119,-4.605170185988091,4.828393734102471,60.0,1
0.0,1,0,1,0,1,0,0,0,1,0,1,0,0,1,0,8.366372627260345,-4.605170185988091,4.912728412444662,360.0,0
1.0,0,1,0,1,1,0,0,0,1,0,1,0,0,0,1,8.073406086188529,8.028132321005044,5.1475526146582995,360.0,1
1.0,0,1,0,1,0,0,1,0,0,1,0,1,0,1,0,7.536369271723622,7.536369271723622,4.574814065973192,360.0,1
1.0,0,1,1,0,1,0,0,0,1,0,1,0,0,1,0,8.160521104616281,-4.605170185988091,4.3945726038424,300.0,1
0.0,0,1,0,1,0,0,0,1,0,1,1,0,0,1,0,8.466954078026701,-4.605170185988091,4.553982149218658,360.0,0
1.0,0,1,0,1,0,0,0,1,1,0,0,1,0,1,0,8.569028239029006,7.480997799832217,5.231162091360629,360.0,1
1.0,0,1,1,0,1,0,0,0,1,0,1,0,0,0,1,8.229513785627567,-4.605170185988091,4.72747631037206,480.0,0
1.0,0,1,1,0,1,0,0,0,1,0,1,0,0,0,1,8.229513785627567,8.46590200228963,5.170540811605878,360.0,0
1.0,0,1,0,1,0,1,0,0,1,0,0,1,0,0,1,6.907765278932137,8.013677451894052,4.700571270751344,360.0,0
0.0,0,1,0,1,0,0,0,1,1,0,1,0,0,1,0,8.060543204096017,8.294052140098902,5.193012404902613,300.0,0
1.0,0,1,0,1,0,0,0,1,0,1,0,1,0,1,0,8.111631078603269,7.68064204435545,4.867611370574077,360.0,1
1.0,1,0,1,0,1,0,0,0,1,0,1,0,0,1,0,8.254791526249349,-4.605170185988091,4.709620287344555,360.0,1
1.0,0,1,0,1,0,1,0,0,1,0,0,1,0,1,0,7.781142685201643,-4.605170185988091,4.852108385868018,360.0,1
1.0,1,0,0,1,0,0,1,0,1,0,1,0,0,0,1,7.228395708441322,7.539564145608004,5.118053690863526,360.0,0
1.0,0,1,0,1,1,0,0,0,1,0,1,0,0,1,0,8.69951641487547,7.718689939633034,5.579767561123299,360.0,0
1.0,0,1,0,1,0,1,0,0,1,0,1,0,0,0,1,8.291047638601153,-4.605170185988091,3.9122229854308124,240.0,1
1.0,0,1,1,0,1,0,0,0,1,0,1,0,0,1,0,7.768960271072088,7.836373711544826,4.912728412444662,360.0,1
1.0,0,1,0,1,0,0,1,0,0,1,1,0,0,1,0,8.111631078603269,7.600907459529583,4.595220855134423,360.0,1
1.0,0,1,0,1,1,0,0,0,1,0,1,0,0,1,0,7.824050010848293,7.658232247585523,4.644487048365042,360.0,1
1.0,0,1,1,0,1,0,0,0,1,0,1,0,0,0,1,9.055557325580658,-4.605170185988091,5.3471551486313365,360.0,1
1.0,0,1,0,1,1,0,0,0,1,0,1,0,0,1,0,8.647345631805992,8.33495403122759,5.164843115148066,360.0,1
1.0,0,1,0,1,1,0,0,0,1,0,1,0,0,1,0,7.992272023927641,7.972469464244482,4.87527365616558,360.0,1
1.0,0,1,0,1,0,0,1,0,1,0,1,0,0,1,0,8.740338342729167,8.640120306911328,5.236495152904694,180.0,1
1.0,0,1,0,1,0,0,1,0,0,1,1,0,0,0,1,8.09346532979746,7.506597274561241,4.3945726038424,360.0,1
1.0,0,1,1,0,1,0,0,0,1,0,1,0,0,1,0,8.326761234058768,-4.605170185988091,4.8041030085872425,360.0,1
1.0,0,1,1,0,1,0,0,0,0,1,1,0,0,1,0,8.19423206724694,-4.605170185988091,3.219275744889528,120.0,1
1.0,0,1,1,0,1,0,0,0,1,0,1,0,0,0,1,8.822028797175797,-4.605170185988091,4.852108385868018,360.0,0
1.0,1,0,0,1,1,0,0,0,1,0,1,0,0,1,0,7.8176294688101615,7.741537933321046,4.920053915865017,360.0,1
1.0,0,1,0,1,1,0,0,0,1,0,1,0,0,1,0,7.589340881326767,6.904760800001808,3.9122229854308124,360.0,1
1.0,0,1,0,1,1,0,0,0,0,1,1,0,0,1,0,8.33998095976217,-4.605170185988091,4.74501908110449,180.0,1
1.0,0,1,0,1,1,0,0,0,1,0,1,0,0,1,0,7.472506429769721,8.172167276168915,4.87527365616558,360.0,1
1.0,0,1,0,1,0,0,1,0,0,1,1,0,0,0,1,8.36357803483747,8.090405361253044,4.890424313365204,180.0,1
1.0,0,1,1,0,1,0,0,0,1,0,1,0,0,1,0,8.485291707236943,8.244336675283016,5.017346059787697,360.0,1
1.0,0,1,0,1,1,0,0,0,1,0,1,0,0,0,1,9.521495533213571,-4.605170185988091,4.852108385868018,360.0,1
1.0,0,1,0,1,1,0,0,0,1,0,1,0,0,1,0,8.445054663249314,8.183958508258357,4.852108385868018,360.0,1
1.0,0,1,0,1,1,0,0,0,1,0,1,0,0,0,1,8.246960653109817,6.625405630519478,5.075236313280783,360.0,1
1.0,0,1,0,1,0,1,0,0,1,0,1,0,0,0,1,8.023555668938954,6.937323789914416,4.605270180988425,360.0,1
1.0,0,1,0,1,0,0,1,0,1,0,1,0,0,0,1,9.34285962756278,7.026435689654871,5.41614484566124,360.0,1
1.0,0,1,1,0,1,0,0,0,0,1,1,0,1,0,0,8.90014135179122,-4.605170185988091,4.78757507264335,360.0,0
0.0,0,1,0,1,0,0,1,0,1,0,1,0,0,0,1,8.242758977289961,8.188691902218121,5.375324702908821,360.0,0
1.0,0,1,0,1,0,0,0,1,0,1,1,0,0,1,0,7.635791689969151,6.625405630519478,4.543401159590459,480.0,1
1.0,0,1,1,0,1,0,0,0,1,0,1,0,0,0,1,8.578478300944987,-4.605170185988091,4.912728412444662,360.0,1
1.0,1,0,0,1,1,0,0,0,1,0,1,0,0,1,0,7.9824197609564225,7.754914558338862,4.934545872989001,360.0,1
0.0,0,1,0,1,1,0,0,0,0,1,1,0,1,0,0,8.180883741544543,8.322153500934304,5.023946308155928,360.0,0
1.0,1,0,1,0,0,1,0,0,1,0,0,1,0,1,0,8.916104872654559,-4.605170185988091,4.852108385868018,360.0,1
1.0,0,1,1,0,1,0,0,0,1,0,1,0,0,1,0,8.527145502465464,-4.605170185988091,4.770769366637658,360.0,1
1.0,0,1,0,1,0,1,0,0,1,0,1,0,1,0,0,9.58761243144329,-4.605170185988091,5.220409877671511,180.0,1
1.0,1,0,0,1,1,0,0,0,1,0,1,0,0,1,0,8.060543204096017,7.7332500267216915,5.037017535370374,360.0,1
1.0,0,1,0,1,0,1,0,0,1,0,1,0,0,0,1,7.702560629970216,7.242805075843995,4.442768896629268,360.0,1
1.0,0,1,0,1,1,0,0,0,1,0,1,0,1,0,0,8.624792997989655,7.669499919530877,5.164843115148066,360.0,0
1.0,1,0,1,0,1,0,0,0,1,0,1,0,0,0,1,9.250330980991265,-4.605170185988091,5.556866670992799,360.0,1
1.0,0,1,0,1,1,0,0,0,1,0,1,0,1,0,0,8.642416920770145,7.888713273706293,5.193012404902613,360.0,1
1.0,1,0,1,0,1,0,0,0,1,0,1,0,0,1,0,8.334714022202098,-4.605170185988091,3.784416880823,360.0,1
0.0,1,0,1,0,1,0,0,0,1,0,1,0,0,1,0,7.667162934765382,9.102756274881372,4.920053915865017,360.0,1
1.0,0,1,0,1,0,0,1,0,1,0,1,0,0,1,0,7.991933901652644,-4.605170185988091,4.3945726038424,360.0,1
1.0,0,1,0,1,1,0,0,0,0,1,1,0,1,0,0,8.366372627260345,7.607883038509478,5.267909704126611,360.0,1
1.0,1,0,1,0,1,0,0,0,1,0,1,0,1,0,0,8.213926304178122,-4.605170185988091,4.532707014254376,360.0,1
1.0,0,1,0,1,0,0,0,1,1,0,1,0,1,0,0,10.07756732225107,-4.605170185988091,5.9135300323000735,360.0,1
1.0,0,1,1,0,1,0,0,0,1,0,1,0,1,0,0,8.259719548340296,7.402457618360629,4.852108385868018,360.0,1
0.0,0,1,0,1,0,1,0,0,1,0,0,1,0,0,1,9.260368816778652,8.255831024681054,5.075236313280783,180.0,0
1.0,0,1,0,1,1,0,0,0,1,0,1,0,1,0,0,8.712761619695701,7.851275889667508,5.204061630622316,360.0,0
1.0,0,1,1,0,1,0,0,0,1,0,0,1,0,0,1,9.9117537928372,-4.605170185988091,6.476987747386725,480.0,1
1.0,0,1,1,0,1,0,0,0,1,0,1,0,0,0,1,7.607883038509478,7.56476219692547,4.304200219209375,360.0,1
1.0,0,1,1,0,1,0,0,0,1,0,1,0,0,1,0,7.907655273880185,-4.605170185988091,4.248638088989106,360.0,1
1.0,0,1,0,1,1,0,0,0,1,0,0,1,0,1,0,8.148737699941952,-4.605170185988091,3.219275744889528,120.0,1
1.0,0,1,1,0,1,0,0,0,1,0,1,0,0,1,0,8.495971597863443,-4.605170185988091,4.625070847694428,360.0,1
1.0,0,1,0,1,0,0,0,1,1,0,1,0,0,1,0,8.294052140098902,8.955449412669141,5.669915405144624,360.0,0
1.0,1,0,0,1,1,0,0,0,1,0,1,0,1,0,0,8.430111266483614,-4.605170185988091,4.4309358393767555,360.0,0
1.0,0,1,0,1,0,0,1,0,1,0,0,1,0,0,1,8.106517531932182,8.160521104616281,4.47745044438572,360.0,1
0.0,0,1,1,0,1,0,0,0,1,0,1,0,0,1,0,9.615739477906251,-4.605170185988091,5.488979047616993,360.0,0
1.0,0,1,0,1,0,0,1,0,0,1,1,0,1,0,0,8.342842185221006,7.265436716236495,4.859889920737045,360.0,0
1.0,0,1,0,1,0,0,1,0,1,0,1,0,1,0,0,8.525560091085843,7.641569242017571,5.220409877671511,360.0,0
1.0,0,1,1,0,1,0,0,0,1,0,1,0,0,0,1,8.597299281696438,-4.605170185988091,5.124023501441311,360.0,1
1.0,0,1,1,0,1,0,0,0,1,0,0,1,0,1,0,8.846498377406723,-4.605170185988091,5.164843115148066,180.0,1
1.0,0,1,0,1,1,0,0,0,1,0,1,0,0,1,0,7.900269743210054,7.617764493017265,4.8041030085872425,360.0,1
1.0,0,1,0,1,0,0,1,0,1,0,1,0,0,0,1,9.372204937424494,-4.605170185988091,5.231162091360629,180.0,1
1.0,1,0,0,1,1,0,0,0,1,0,1,0,0,1,0,7.75362783839603,8.408718944235048,4.605270180988425,360.0,1
1.0,1,0,0,1,0,0,1,0,1,0,1,0,0,0,1,9.606832677960917,-4.605170185988091,4.248638088989106,360.0,1
1.0,0,1,0,1,0,1,0,0,1,0,1,0,0,0,1,7.338244651995037,7.261934110221988,3.4015306594522756,360.0,1
1.0,1,0,1,0,1,0,0,0,1,0,1,0,1,0,0,9.210341371975682,7.418186825109734,5.41614484566124,360.0,0
1.0,0,1,0,1,1,0,0,0,1,0,1,0,0,1,0,8.488795774505592,6.7214377489108355,4.828393734102471,360.0,1
0.0,0,1,1,0,1,0,0,0,1,0,1,0,1,0,0,8.744649031433994,-4.605170185988091,4.770769366637658,360.0,0
1.0,0,1,0,1,1,0,0,0,1,0,0,1,1,0,0,7.854385091126016,8.229513785627567,5.023946308155928,360.0,1
1.0,0,1,1,0,1,0,0,0,1,0,1,0,0,0,1,9.123257356056909,-4.605170185988091,5.497209208059954,360.0,0
1.0,0,1,0,1,0,0,1,0,0,1,1,0,1,0,0,7.732373606316865,-4.605170185988091,4.72747631037206,360.0,0
1.0,0,1,1,0,1,0,0,0,1,0,1,0,0,0,1,8.087643360915012,-4.605170185988091,3.9122229854308124,360.0,1
0.0,0,1,0,1,0,0,0,1,1,0,1,0,0,1,0,10.596609982789786,-4.605170185988091,6.3969463217439255,180.0,1
1.0,0,1,0,1,0,1,0,0,1,0,1,0,1,0,0,8.69951641487547,-4.605170185988091,5.075236313280783,360.0,1
1.0,0,1,0,1,0,1,0,0,1,0,1,0,0,0,1,9.163040147295447,-4.605170185988091,5.231162091360629,360.0,1
1.0,0,1,1,0,1,0,0,0,1,0,1,0,1,0,0,7.999681935198518,7.641569242017571,4.78757507264335,360.0,1
1.0,0,1,0,1,1,0,0,0,1,0,1,0,0,1,0,8.430111266483614,8.634978004848819,5.541302760075785,360.0,1
1.0,0,1,0,1,1,0,0,0,0,1,1,0,0,1,0,7.52994873827371,6.947946674716765,4.585069514281089,360.0,1
1.0,0,1,0,1,1,0,0,0,1,0,1,0,0,0,1,8.978787813858375,-4.605170185988091,5.616807460641794,360.0,0
0.0,0,1,0,1,0,1,0,0,1,0,1,0,0,1,0,8.035605930206964,7.154623169383146,4.7958731868099616,360.0,0
1.0,0,1,0,1,0,0,1,0,1,0,1,0,1,0,0,8.33495403122759,7.277254637457639,5.062658322163408,360.0,1
1.0,0,1,0,1,1,0,0,0,1,0,1,0,0,0,1,9.140240816912229,-4.605170185988091,4.317621437981545,180.0,1
1.0,0,1,0,1,1,0,0,0,1,0,1,0,1,0,0,8.21798090074623,8.060227398995666,5.204061630622316,360.0,1
1.0,1,0,0,1,1,0,0,0,1,0,1,0,1,0,0,8.430111266483614,-4.605170185988091,4.718588153023648,360.0,0
1.0,0,1,0,1,1,0,0,0,1,0,1,0,1,0,0,7.799347498248515,8.111631078603269,4.859889920737045,360.0,1
0.0,0,1,1,0,1,0,0,0,1,0,1,0,0,1,0,7.712895431752825,-4.605170185988091,4.143293443953964,480.0,0
1.0,0,1,0,1,0,0,1,0,1,0,1,0,0,1,0,8.987198070661192,-4.605170185988091,5.298367365298079,360.0,1
1.0,0,1,0,1,1,0,0,0,0,1,1,0,1,0,0,7.506597274561241,7.478175347055057,4.553982149218658,360.0,1
1.0,0,1,0,1,0,0,0,1,1,0,1,0,0,0,1,10.854431080497871,-4.605170185988091,6.55109462065565,300.0,1
1.0,0,1,0,1,0,0,0,1,0,1,1,0,1,0,0,8.166787128347975,-4.605170185988091,4.3945726038424,180.0,0
1.0,0,1,0,1,1,0,0,0,1,0,1,0,0,1,0,8.649625730522311,8.634978004848819,5.231162091360629,360.0,1
1.0,0,1,0,1,1,0,0,0,0,1,0,1,0,1,0,8.376553163636904,6.601243705593096,4.466023054577933,360.0,0
1.0,0,1,0,1,1,0,0,0,1,0,1,0,1,0,0,8.159663596653225,7.582743580551143,4.753676394287315,360.0,1
1.0,0,1,0,1,0,0,1,0,1,0,1,0,1,0,0,7.623157958440497,7.3895701303108146,4.615219521841093,360.0,1
0.0,0,1,0,1,0,0,0,1,1,0,1,0,0,1,0,8.615410051819454,9.332558889655793,6.204577964384835,360.0,0
1.0,0,1,0,1,0,1,0,0,1,0,1,0,0,1,0,8.229513785627567,-4.605170185988091,4.753676394287315,360.0,1
0.0,0,1,1,0,1,0,0,0,0,1,1,0,0,0,1,7.754914558338862,7.280015144659199,4.625070847694428,480.0,0
0.0,0,1,0,1,0,1,0,0,1,0,1,0,0,0,1,8.764054831846543,8.888758127158114,5.193012404902613,360.0,0
1.0,0,1,1,0,1,0,0,0,1,0,1,0,1,0,0,7.558000177723867,8.529716447081528,4.20484186198508,360.0,0
1.0,0,1,0,1,1,0,0,0,1,0,1,0,0,1,0,8.433813756387867,-4.605170185988091,4.290596418067994,180.0,1
1.0,0,1,0,1,0,1,0,0,1,0,1,0,0,1,0,10.429576398423876,-4.605170185988091,5.560720091814363,360.0,0
1.0,1,0,0,1,1,0,0,0,1,0,1,0,0,1,0,8.19561232590566,-4.605170185988091,4.682223815430383,360.0,1
1.0,0,1,0,1,1,0,0,0,1,0,0,1,0,1,0,10.57507932557774,8.46590200228963,4.78757507264335,360.0,1
0.0,0,1,0,1,0,1,0,0,1,0,0,1,1,0,0,7.686166894850594,-4.605170185988091,4.189806245700679,300.0,0
1.0,0,1,0,1,1,0,0,0,1,0,1,0,1,0,0,7.776119673481041,7.667630768842527,4.060615409477973,360.0,1
1.0,0,1,0,1,1,0,0,0,1,0,0,1,1,0,0,6.513244947597495,8.574708985832585,5.124023501441311,360.0,1
1.0,0,1,0,1,1,0,0,0,1,0,1,0,1,0,0,9.140776980630866,-4.605170185988091,5.236495152904694,180.0,1
1.0,0,1,1,0,1,0,0,0,0,1,1,0,1,0,0,8.493926611557695,-4.605170185988091,3.8714093225428488,360.0,1
1.0,0,1,1,0,1,0,0,0,1,0,1,0,0,1,0,9.392662762103123,-4.605170185988091,5.099927401575018,360.0,0
1.0,0,1,0,1,1,0,0,0,0,1,1,0,0,0,1,8.705001335989529,-4.605170185988091,5.075236313280783,360.0,0
1.0,0,1,1,0,1,0,0,0,1,0,1,0,0,1,0,8.257906785478903,-4.605170185988091,4.330864910577949,360.0,1
1.0,0,1,1,0,1,0,0,0,1,0,1,0,1,0,0,8.340697033987603,-4.605170185988091,4.78757507264335,360.0,1
1.0,0,1,0,1,0,1,0,0,1,0,1,0,0,1,0,8.047192762165382,7.856710664555632,5.135857258849637,360.0,0
1.0,0,1,1,0,1,0,0,0,1,0,1,0,1,0,0,9.027980014429488,8.229513785627567,5.231162091360629,360.0,1
1.0,1,0,1,0,1,0,0,0,0,1,1,0,0,0,1,7.55329184942516,7.768537529246903,4.78757507264335,360.0,1
1.0,1,0,0,1,1,0,0,0,1,0,1,0,0,1,0,8.136228482304643,7.943076268407991,4.72747631037206,360.0,1
1.0,0,1,1,0,1,0,0,0,1,0,0,1,0,0,1,9.305651460871003,-4.605170185988091,4.418961082466944,360.0,0
1.0,0,1,0,1,0,1,0,0,0,1,1,0,0,1,0,7.863270570156023,7.824050010848293,4.499920775268994,360.0,1
0.0,0,1,1,0,0,0,1,0,1,0,1,0,0,1,0,8.501675411037876,-4.605170185988091,5.112048027505985,360.0,1
1.0,0,1,0,1,0,0,0,1,0,1,1,0,0,0,1,8.292050142438237,-4.605170185988091,4.852108385868018,180.0,0
1.0,0,1,0,1,0,1,0,0,0,1,1,0,0,0,1,8.160521104616281,6.987499480568703,4.905348849769155,360.0,1
1.0,0,1,0,1,0,0,1,0,0,1,1,0,0,1,0,8.273083886636787,-4.605170185988091,4.820362207514681,360.0,1
1.0,1,0,1,0,1,0,0,0,0,1,1,0,0,1,0,8.391178619432718,-4.605170185988091,4.78757507264335,360.0,1
1.0,1,0,1,0,1,0,0,0,1,0,1,0,0,0,1,8.08456549784461,-4.605170185988091,4.382151626862033,360.0,1
1.0,0,1,1,0,1,0,0,0,0,1,1,0,1,0,0,8.287782542808538,7.836373711544826,4.007514986887367,360.0,1
1.0,0,1,1,0,1,0,0,0,1,0,1,0,0,0,1,7.815614565911686,-4.605170185988091,4.077706921069077,360.0,1
1.0,0,1,1,0,1,0,0,0,1,0,1,0,0,1,0,8.136813789358794,-4.605170185988091,4.844265823516229,360.0,0
1.0,1,0,1,0,1,0,0,0,1,0,1,0,0,1,0,9.210341371975682,-4.605170185988091,5.366022742902049,360.0,0
0.0,0,1,0,1,0,0,0,1,1,0,1,0,0,1,0,8.14031845560763,7.130906830264347,4.852108385868018,360.0,0
1.0,0,1,0,1,0,1,0,0,1,0,0,1,0,0,1,8.960212239767763,-4.605170185988091,5.4806805891406265,360.0,1
1.0,0,1,0,1,0,0,0,1,0,1,0,1,1,0,0,8.64874938461809,-4.605170185988091,4.867611370574077,360.0,1
1.0,0,1,0,1,1,0,0,0,1,0,1,0,0,0,1,8.062435943169783,8.013346491543391,4.920053915865017,360.0,1
1.0,0,1,0,1,0,0,0,1,0,1,1,0,0,1,0,8.255831024681054,6.890619293035402,4.605270180988425,360.0,1
1.0,0,1,0,1,1,0,0,0,1,0,1,0,1,0,0,5.010701958540799,7.495547499424379,4.905348849769155,360.0,0
1.0,0,1,0,1,1,0,0,0,1,0,1,0,0,1,0,8.223361582598814,7.481561335696464,4.87527365616558,360.0,1
0.0,0,1,0,1,0,0,1,0,1,0,1,0,0,1,0,8.517195191414238,-4.605170185988091,4.276804998260776,360.0,0
1.0,1,0,0,1,0,0,1,0,1,0,1,0,0,1,0,8.362411312424692,7.776119673481041,4.844265823516229,360.0,1
0.0,0,1,0,1,1,0,0,0,1,0,1,0,0,0,1,7.705717326360653,-4.605170185988091,4.094511215001422,360.0,0
1.0,0,1,0,1,0,0,1,0,1,0,1,0,0,1,0,8.296299607027024,7.448339684992338,4.753676394287315,360.0,1
1.0,0,1,1,0,1,0,0,0,1,0,1,0,0,1,0,7.9966572413270205,7.934158816475084,4.969882741609291,360.0,1
1.0,0,1,0,1,1,0,0,0,1,0,1,0,0,1,0,8.93300591118707,6.9177155107763895,5.164843115148066,360.0,1
1.0,0,1,0,1,1,0,0,0,1,0,1,0,0,1,0,8.740338342729167,-4.605170185988091,4.852108385868018,360.0,1
1.0,0,1,0,1,1,0,0,0,1,0,1,0,1,0,0,8.086413352242127,-4.605170185988091,5.135857258849637,360.0,0
1.0,0,1,0,1,1,0,0,0,0,1,0,1,0,0,1,8.462739117550367,-4.605170185988091,4.927326146299949,360.0,0
1.0,0,1,0,1,0,0,1,0,1,0,1,0,0,1,0,8.740338342729167,7.435443919502162,5.3471551486313365,360.0,1
1.0,0,1,0,1,1,0,0,0,1,0,1,0,0,1,0,8.467584792584107,-4.605170185988091,5.062658322163408,480.0,1
1.0,0,1,1,0,1,0,0,0,1,0,0,1,1,0,0,8.764054831846543,-4.605170185988091,5.298367365298079,360.0,1
1.0,0,1,0,1,0,1,0,0,1,0,1,0,0,1,0,7.82044352970615,7.627549259025825,4.644487048365042,360.0,1
1.0,0,1,0,1,1,0,0,0,1,0,1,0,1,0,0,8.22040579099577,-4.605170185988091,3.7379076851812907,180.0,1
1.0,0,1,1,0,1,0,0,0,0,1,1,0,1,0,0,8.067465802784382,7.862501046337841,4.78757507264335,360.0,1
1.0,1,0,1,0,1,0,0,0,1,0,1,0,0,1,0,9.027980014429488,-4.605170185988091,5.634825316817224,360.0,1
1.0,0,1,0,1,0,1,0,0,1,0,1,0,0,1,0,8.056746944542398,7.483812308785506,4.941713848629834,360.0,1
1.0,0,1,0,1,0,1,0,0,1,0,1,0,1,0,0,8.612505189400727,7.138874936421966,5.135857258849637,360.0,1
1.0,0,1,0,1,1,0,0,0,1,0,1,0,0,0,1,8.656260979878827,-4.605170185988091,5.541302760075785,360.0,0
1.0,1,0,1,0,1,0,0,0,1,0,0,1,0,0,1,8.149893432067904,-4.605170185988091,4.8041030085872425,360.0,1
1.0,1,0,1,0,0,1,0,0,1,0,1,0,1,0,0,8.24591188806551,-4.605170185988091,4.718588153023648,360.0,1
1.0,0,1,0,1,0,1,0,0,1,0,1,0,0,1,0,8.106215919206665,-4.605170185988091,4.564452352709533,360.0,1
1.0,0,1,0,1,0,0,1,0,1,0,1,0,1,0,0,8.668885423163529,8.517195191414238,4.78757507264335,360.0,1
1.0,0,1,0,1,0,1,0,0,0,1,1,0,0,0,1,7.828042016181638,7.592371171371428,4.941713848629834,180.0,0
1.0,0,1,1,0,1,0,0,0,1,0,1,0,0,0,1,7.99463568410742,8.648398631108275,5.043489630967203,60.0,1
1.0,0,1,0,1,0,0,1,0,1,0,0,1,1,0,0,8.740338342729167,7.170127235727735,4.682223815430383,360.0,1
1.0,0,1,0,1,1,0,0,0,0,1,1,0,0,1,0,8.133296797213626,8.393218275574041,4.8122656528806935,360.0,1
1.0,0,1,1,0,1,0,0,0,1,0,0,1,0,0,1,8.707815203916082,8.374017729607083,4.78757507264335,180.0,0
1.0,0,1,0,1,0,0,1,0,1,0,1,0,0,0,1,9.180191425633858,-4.605170185988091,4.718588153023648,360.0,1
1.0,0,1,0,1,0,1,0,0,0,1,1,0,0,0,1,8.79603782851686,-4.605170185988091,4.920053915865017,180.0,1
1.0,0,1,0,1,0,1,0,0,1,0,1,0,0,1,0,7.966243246366078,7.519155383591077,4.8122656528806935,480.0,1
1.0,0,1,0,1,1,0,0,0,1,0,1,0,0,0,1,7.500535013295992,7.532628972093517,4.499920775268994,360.0,1
0.0,0,1,0,1,1,0,0,0,0,1,1,0,0,1,0,7.419386578104558,8.266167007303276,5.303354658065305,360.0,0
1.0,1,0,1,0,0,0,1,0,1,0,1,0,0,0,1,8.139443439874437,-4.605170185988091,4.927326146299949,360.0,0
1.0,0,1,1,0,1,0,0,0,0,1,0,1,1,0,0,7.856710664555632,7.681103616200377,4.644487048365042,360.0,1
1.0,0,1,0,1,0,1,0,0,0,1,1,0,0,1,0,7.886461028956347,8.867992306433461,5.6312476234729525,180.0,1
0.0,0,1,1,0,1,0,0,0,1,0,0,1,0,0,1,9.69584880314231,-4.605170185988091,5.2575474540048255,360.0,0
1.0,1,0,1,0,0,0,0,1,1,0,1,0,1,0,0,8.033661671474793,-4.605170185988091,5.541302760075785,360.0,1
0.0,0,1,1,0,1,0,0,0,0,1,1,0,1,0,0,8.706988417307244,-4.605170185988091,4.74501908110449,360.0,0
1.0,0,1,0,1,0,0,0,1,1,0,1,0,0,0,1,8.56598526034576,-4.605170185988091,4.543401159590459,360.0,0
1.0,0,1,0,1,1,0,0,0,1,0,1,0,1,0,0,9.594446322022435,7.649697385604939,5.717060595602044,360.0,0
1.0,0,1,0,1,0,0,0,1,0,1,1,0,0,1,0,8.50329911420828,-4.605170185988091,4.852108385868018,360.0,0
1.0,0,1,0,1,0,1,0,0,1,0,1,0,0,0,1,8.713254918245049,8.35467661485687,5.7991229570317016,360.0,1
1.0,0,1,1,0,1,0,0,0,1,0,1,0,0,1,0,7.630466116140776,7.700299730345136,4.897914424032137,360.0,1
1.0,1,0,1,0,0,1,0,0,1,0,1,0,0,1,0,8.155077760545032,-4.605170185988091,5.043489630967203,36.0,0
1.0,1,0,1,0,1,0,0,0,1,0,1,0,1,0,0,8.881837693892072,-4.605170185988091,4.78757507264335,360.0,1
1.0,0,1,1,0,1,0,0,0,1,0,0,1,0,1,0,8.549855909387555,-4.605170185988091,4.852108385868018,360.0,1
1.0,0,1,1,0,1,0,0,0,1,0,1,0,1,0,0,8.31752443828663,8.145262467586054,5.017346059787697,360.0,1
1.0,0,1,0,1,0,0,1,0,1,0,1,0,0,1,0,8.457020592422092,7.234905630094176,5.010701958540799,360.0,1
0.0,0,1,0,1,0,0,0,1,1,0,1,0,0,0,1,8.374017729607083,7.5016399796793225,5.075236313280783,360.0,1
1.0,1,0,1,0,1,0,0,0,1,0,1,0,1,0,0,8.136813789358794,-4.605170185988091,4.905348849769155,360.0,0
1.0,1,0,1,0,0,1,0,0,1,0,1,0,0,0,1,7.964159195886353,7.352447510479448,4.499920775268994,360.0,1
1.0,1,0,1,0,1,0,0,0,1,0,1,0,0,0,1,8.082405343201671,-4.605170185988091,3.4015306594522756,360.0,1
1.0,0,1,0,1,1,0,0,0,1,0,1,0,0,0,1,9.318836865311924,-4.605170185988091,4.912728412444662,360.0,1
1.0,0,1,1,0,1,0,0,0,1,0,1,0,1,0,0,7.949095029651326,7.5267229463678245,4.836361268881602,360.0,1
1.0,0,1,0,1,1,0,0,0,1,0,1,0,0,1,0,7.870933413541752,7.70661741237963,5.010701958540799,360.0,1
1.0,0,1,0,1,0,0,1,0,1,0,1,0,0,1,0,8.268734396217015,-4.605170185988091,4.499920775268994,360.0,1
1.0,0,1,0,1,0,1,0,0,1,0,1,0,0,1,0,7.919359827017642,7.5186126456821665,4.74501908110449,360.0,1
1.0,0,1,0,1,1,0,0,0,1,0,1,0,0,1,0,8.292300611442755,8.093770812294162,5.332767101277263,360.0,1
1.0,0,1,0,1,1,0,0,0,1,0,1,0,0,0,1,8.04012788713091,7.170127235727735,4.382151626862033,360.0,1
1.0,0,1,0,1,1,0,0,0,1,0,1,0,0,1,0,9.58761243144329,-4.605170185988091,6.07766517886583,360.0,1
1.0,1,0,0,1,1,0,0,0,0,1,1,0,1,0,0,8.318744691713816,-4.605170185988091,4.820362207514681,360.0,1
0.0,0,1,1,0,0,1,0,0,0,1,0,1,0,0,1,8.307215093933431,7.794003211507042,5.062658322163408,360.0,0
1.0,0,1,0,1,1,0,0,0,1,0,1,0,0,1,0,8.275633601047902,6.684624227589803,4.718588153023648,360.0,1
1.0,0,1,0,1,0,0,1,0,1,0,1,0,0,0,1,7.741103435962471,6.893463625889662,4.356837023600222,180.0,1
1.0,1,0,1,0,1,0,0,0,1,0,1,0,0,0,1,7.5016399796793225,7.418186825109734,3.9891692146047997,360.0,1
1.0,0,1,0,1,1,0,0,0,1,0,1,0,1,0,0,9.936293988124351,-4.605170185988091,4.852108385868018,360.0,0
1.0,0,1,1,0,1,0,0,0,1,0,1,0,1,0,0,8.05769736137169,8.023883268196268,4.48874872297084,360.0,1
1.0,1,0,1,0,1,0,0,0,1,0,0,1,0,1,0,7.863270570156023,7.448339684992338,4.595220855134423,300.0,0
1.0,0,1,0,1,1,0,0,0,1,0,1,0,1,0,0,8.217171295546443,7.600907459529583,4.78757507264335,360.0,1
1.0,1,0,1,0,1,0,0,0,1,0,1,0,0,1,0,8.324581269964172,-4.605170185988091,4.74501908110449,360.0,1
1.0,0,1,1,0,1,0,0,0,1,0,1,0,1,0,0,9.15988988022543,-4.605170185988091,5.231162091360629,360.0,1
1.0,0,1,0,1,1,0,0,0,1,0,1,0,1,0,0,8.031063432267851,7.789872698118987,4.934545872989001,360.0,1
0.0,0,1,0,1,0,0,1,0,1,0,1,0,0,1,0,8.389362092631043,-4.605170185988091,4.844265823516229,360.0,0
1.0,0,1,0,1,0,0,1,0,1,0,1,0,0,0,1,8.05611283112265,7.352447510479448,4.897914424032137,360.0,1
0.0,1,0,1,0,1,0,0,0,1,0,1,0,0,0,1,8.597299281696438,-4.605170185988091,4.962914557884844,480.0,0
1.0,0,1,0,1,1,0,0,0,1,0,1,0,0,1,0,7.776119673481041,8.111931062706361,5.1475526146582995,360.0,1
1.0,0,1,0,1,0,0,0,1,1,0,1,0,0,0,1,8.392991852447121,7.130906830264347,4.700571270751344,360.0,1
1.0,0,1,0,1,0,1,0,0,1,0,1,0,0,1,0,8.835648377079169,-4.605170185988091,5.298367365298079,360.0,1
1.0,1,0,0,1,0,1,0,0,1,0,1,0,0,0,1,8.448059595742388,-4.605170185988091,4.905348849769155,360.0,1
1.0,1,0,1,0,1,0,0,0,1,0,1,0,1,0,0,8.517195191414238,7.840316918770901,5.017346059787697,480.0,0
1.0,0,1,0,1,0,1,0,0,1,0,1,0,0,0,1,7.607883038509478,7.981053178463531,4.72747631037206,360.0,0
0.0,0,1,0,1,1,0,0,0,0,1,1,0,0,0,1,7.495547499424379,7.9841253670134105,4.532707014254376,360.0,0
1.0,0,1,0,1,1,0,0,0,0,1,1,0,0,1,0,7.963811431486271,7.467376781186948,4.654055583717902,360.0,1
1.0,1,0,1,0,1,0,0,0,1,0,1,0,1,0,0,8.517195191414238,-4.605170185988091,4.882877677292668,360.0,1
1.0,0,1,0,1,0,1,0,0,1,0,1,0,0,0,1,7.393269248591057,7.497212769499639,4.564452352709533,360.0,1
1.0,0,1,1,0,1,0,0,0,1,0,1,0,1,0,0,8.294052140098902,7.824050010848293,4.941713848629834,360.0,1
1.0,0,1,1,0,1,0,0,0,0,1,1,0,0,0,1,7.600907459529583,-4.605170185988091,4.852108385868018,360.0,0
1.0,1,0,1,0,1,0,0,0,1,0,1,0,1,0,0,8.232708668017995,7.418186825109734,4.905348849769155,360.0,1
0.0,1,0,1,0,1,0,0,0,1,0,1,0,0,0,1,7.783228182994023,7.52994873827371,4.644487048365042,360.0,0
1.0,0,1,1,0,1,0,0,0,1,0,1,0,1,0,0,9.915070708021153,-4.605170185988091,6.173806937018259,360.0,0
1.0,0,1,0,1,0,0,1,0,0,1,1,0,1,0,0,8.944681987849162,-4.605170185988091,5.220409877671511,360.0,1
1.0,1,0,1,0,1,0,0,0,1,0,1,0,0,1,0,7.978314398041482,-4.605170185988091,4.4309358393767555,360.0,1
1.0,0,1,1,0,1,0,0,0,0,1,1,0,0,1,0,7.981736703153422,7.785309340535375,4.709620287344555,360.0,1
1.0,1,0,1,0,1,0,0,0,1,0,1,0,1,0,0,7.82684608698161,-4.605170185988091,4.025530246221741,360.0,1
1.0,0,1,0,1,0,0,1,0,1,0,0,1,1,0,0,8.656260979878827,-4.605170185988091,4.969882741609291,84.0,1
1.0,0,1,0,1,1,0,0,0,1,0,1,0,1,0,0,7.8131913111848945,7.519155383591077,5.068967093324305,360.0,0
1.0,0,1,0,1,0,1,0,0,0,1,1,0,0,0,1,8.131239491733565,7.402457618360629,4.709620287344555,180.0,1
1.0,0,1,0,1,0,0,1,0,1,0,1,0,0,1,0,8.220674860635306,-4.605170185988091,4.78757507264335,360.0,1
1.0,0,1,0,1,1,0,0,0,1,0,1,0,0,0,1,7.6294947754686815,7.665758117886333,4.47745044438572,360.0,1
1.0,1,0,1,0,0,1,0,0,1,0,1,0,0,1,0,8.172167276168915,-4.605170185988091,4.718588153023648,360.0,1
1.0,0,1,0,1,0,1,0,0,1,0,0,1,1,0,0,9.210341371975682,-4.605170185988091,5.043489630967203,360.0,0
1.0,0,1,0,1,1,0,0,0,1,0,1,0,0,1,0,7.783228182994023,7.681103616200377,4.74501908110449,360.0,1
1.0,0,1,0,1,0,0,0,1,1,0,1,0,0,1,0,8.37609265352172,5.241799923712865,4.820362207514681,360.0,1
1.0,0,1,0,1,0,0,1,0,0,1,1,0,1,0,0,8.188969640651406,7.371495584502676,4.852108385868018,360.0,1
1.0,1,0,1,0,1,0,0,0,1,0,1,0,1,0,0,8.060227398995666,8.001358375904843,4.882877677292668,360.0,1
1.0,0,1,0,1,0,0,0,1,1,0,1,0,1,0,0,9.615806146750792,-4.605170185988091,5.703815807433991,360.0,1
0.0,0,1,0,1,0,1,0,0,1,0,0,1,1,0,0,9.067163756234107,8.51378940510259,5.929615738780915,360.0,0
0.0,0,1,1,0,1,0,0,0,1,0,1,0,1,0,0,8.500455901170294,-4.605170185988091,4.867611370574077,360.0,1
1.0,0,1,0,1,1,0,0,0,1,0,0,1,0,1,0,8.668713557857382,7.6778681302971235,5.214990103958283,360.0,1
1.0,1,0,0,1,1,0,0,0,1,0,1,0,0,0,1,8.374017729607083,7.8042554634871495,4.700571270751344,360.0,0
1.0,1,0,1,0,1,0,0,0,1,0,1,0,0,0,1,7.824050010848293,-4.605170185988091,4.20484186198508,360.0,1
1.0,0,1,1,0,0,1,0,0,1,0,1,0,0,0,1,8.385719109647148,7.491651050834421,4.7622594012308666,360.0,1
1.0,0,1,1,0,1,0,0,0,1,0,1,0,0,1,0,7.984466139411418,-4.605170185988091,4.585069514281089,360.0,1
1.0,0,1,1,0,1,0,0,0,1,0,1,0,0,0,1,7.949095029651326,-4.605170185988091,4.262820712194002,360.0,1
1.0,0,1,0,1,1,0,0,0,1,0,1,0,0,0,1,11.056225113421103,-4.605170185988091,6.194425799059694,180.0,1
1.0,0,1,0,1,0,1,0,0,1,0,0,1,0,0,1,9.193500371763266,7.5137147033621945,5.204061630622316,180.0,1
1.0,0,1,0,1,1,0,0,0,1,0,0,1,0,1,0,8.61305049424873,8.409610207905311,4.248638088989106,360.0,1
1.0,0,1,0,1,0,1,0,0,1,0,1,0,1,0,0,8.56598526034576,6.533803372711434,5.075236313280783,360.0,1
1.0,0,1,0,1,0,0,1,0,1,0,0,1,1,0,0,7.824050010848293,8.433813756387867,5.170540811605878,360.0,1
0.0,1,0,1,0,0,0,0,1,0,1,1,0,0,0,1,7.512076710301411,-4.605170185988091,4.852108385868018,360.0,0
1.0,1,0,1,0,1,0,0,0,1,0,1,0,0,1,0,8.333272757098573,-4.605170185988091,4.262820712194002,360.0,1
1.0,0,1,0,1,0,0,0,1,0,1,1,0,1,0,0,7.881185980081695,7.369607021703784,5.153349396295431,360.0,0
1.0,1,0,1,0,1,0,0,0,1,0,1,0,1,0,0,7.774019282456352,-4.605170185988091,3.8288587641673772,360.0,0
1.0,0,1,0,1,0,1,0,0,0,1,1,0,0,0,1,8.423763442493035,7.1139642462294335,5.062658322163408,360.0,1
1.0,0,1,0,1,0,0,0,1,0,1,1,0,0,1,0,8.062435943169783,-4.605170185988091,4.304200219209375,360.0,1
1.0,0,1,0,1,0,0,1,0,1,0,1,0,1,0,0,7.856710664555632,7.75362783839603,4.828393734102471,360.0,1
1.0,0,1,0,1,1,0,0,0,1,0,1,0,0,1,0,7.823649932427586,7.807107358465955,5.075236313280783,360.0,1
0.0,0,1,0,1,1,0,0,0,0,1,1,0,1,0,0,8.167071016827133,8.080240512187142,5.023946308155928,360.0,0
1.0,0,1,0,1,0,0,1,0,0,1,1,0,0,0,1,8.033661671474793,7.681564975095025,4.836361268881602,360.0,1
1.0,0,1,0,1,1,0,0,0,1,0,1,0,0,1,0,8.753530915545658,8.430111266483614,5.556866670992799,360.0,1
1.0,0,1,0,1,1,0,0,0,1,0,1,0,1,0,0,7.872839984542278,8.740338342729167,5.231162091360629,360.0,1
1.0,0,1,0,1,1,0,0,0,1,0,1,0,0,1,0,9.114160914459442,-4.605170185988091,5.429389487641758,360.0,1
1.0,0,1,1,0,1,0,0,0,1,0,1,0,1,0,0,9.07681012220815,8.33495403122759,5.730132249978983,360.0,0
1.0,0,1,0,1,0,0,0,1,1,0,1,0,1,0,0,7.888338251669354,7.641569242017571,4.553982149218658,360.0,1
0.0,1,0,0,1,1,0,0,0,1,0,0,1,1,0,0,8.612505189400727,-4.605170185988091,4.654055583717902,360.0,0
1.0,1,0,0,1,1,0,0,0,1,0,1,0,0,1,0,7.792765847923156,6.2245782310595015,4.867611370574077,360.0,1
1.0,1,0,1,0,1,0,0,0,1,0,1,0,0,0,1,8.246174182460996,-4.605170185988091,4.753676394287315,180.0,1
1.0,0,1,0,1,0,0,1,0,1,0,1,0,1,0,0,9.027980014429488,8.060543204096017,5.106006078124714,360.0,1
1.0,0,1,0,1,0,1,0,0,1,0,1,0,0,0,1,8.26230352242928,-4.605170185988091,4.20484186198508,360.0,0
0.0,0,1,0,1,1,0,0,0,0,1,1,0,0,0,1,8.006370900978025,7.418186825109734,4.605270180988425,480.0,0
1.0,0,1,0,1,0,0,0,1,1,0,1,0,0,1,0,8.55004946364432,8.060543204096017,5.298367365298079,360.0,1
1.0,1,0,1,0,0,1,0,0,1,0,1,0,0,1,0,8.460201587192204,-4.605170185988091,4.3945726038424,360.0,0
1.0,0,1,0,1,0,0,1,0,1,0,1,0,0,1,0,8.517195191414238,8.207131895092424,5.463874177009261,360.0,1
1.0,0,1,0,1,1,0,0,0,1,0,1,0,0,0,1,8.46590200228963,7.754914558338862,4.867611370574077,360.0,1
1.0,0,1,0,1,1,0,0,0,1,0,1,0,0,0,1,8.010694858076006,8.017310804748757,4.553982149218658,300.0,1
1.0,0,1,1,0,1,0,0,0,1,0,0,1,1,0,0,8.82790942882331,-4.605170185988091,4.948830809849139,360.0,1
1.0,0,1,1,0,1,0,0,0,0,1,1,0,1,0,0,8.734883500797798,-4.605170185988091,4.890424313365204,360.0,0
1.0,0,1,1,0,1,0,0,0,1,0,1,0,0,1,0,7.824050010848293,-4.605170185988091,4.564452352709533,480.0,0
0.0,0,1,1,0,1,0,0,0,1,0,1,0,1,0,0,8.541692614615032,-4.605170185988091,4.820362207514681,360.0,0
1.0,0,1,0,1,0,1,0,0,1,0,1,0,0,1,0,8.752266894622139,-4.605170185988091,5.164843115148066,360.0,1
1.0,0,1,0,1,1,0,0,0,1,0,1,0,1,0,0,9.889896105858904,8.569028239029006,6.345653904534354,360.0,0
1.0,1,0,1,0,1,0,0,0,1,0,0,1,0,1,0,9.6651675441799,-4.605170185988091,4.007514986887367,360.0,1
1.0,0,1,0,1,0,0,1,0,1,0,1,0,0,1,0,8.553527049302076,-4.605170185988091,5.043489630967203,360.0,1
1.0,0,1,0,1,0,0,1,0,1,0,0,1,1,0,0,9.140240816912229,8.971195733347512,5.940197568163651,300.0,1
0.0,0,1,1,0,0,1,0,0,1,0,1,0,0,0,1,8.026826842051618,7.594386275251785,4.709620287344555,180.0,0
1.0,1,0,1,0,1,0,0,0,1,0,1,0,0,0,1,7.924437802826023,7.285513402508893,4.700571270751344,360.0,1
1.0,0,1,0,1,1,0,0,0,1,0,1,0,0,0,1,8.479908682608967,6.827640068680348,4.78757507264335,180.0,1
1.0,0,1,0,1,0,0,0,1,1,0,1,0,1,0,0,9.07681012220815,8.516394872844746,4.867611370574077,360.0,1
1.0,0,1,0,1,1,0,0,0,1,0,1,0,0,1,0,8.368695503280717,-4.605170185988091,4.867611370574077,360.0,1
1.0,0,1,1,0,1,0,0,0,1,0,1,0,0,0,1,8.029110313004782,-4.605170185988091,4.262820712194002,480.0,0
1.0,0,1,0,1,0,0,1,0,1,0,1,0,0,0,1,8.592488030393373,-4.605170185988091,4.867611370574077,360.0,1
1.0,0,1,0,1,1,0,0,0,1,0,1,0,0,1,0,8.111631078603269,7.824050010848293,4.852108385868018,360.0,1
1.0,0,1,1,0,1,0,0,0,1,0,1,0,0,1,0,8.689634431572639,8.350432336484303,5.690393237537185,360.0,1
1.0,1,0,1,0,1,0,0,0,1,0,1,0,0,0,1,8.69951641487547,-4.605170185988091,5.049920107759158,360.0,1
1.0,0,1,1,0,1,0,0,0,1,0,0,1,0,0,1,8.877243831276886,-4.605170185988091,4.852108385868018,360.0,1
1.0,0,1,0,1,0,0,1,0,1,0,1,0,0,0,1,8.426395017188087,-4.605170185988091,4.605270180988425,360.0,0
1.0,0,1,1,0,0,1,0,0,1,0,1,0,0,0,1,8.207131895092424,-4.605170185988091,4.72747631037206,180.0,1
1.0,0,1,1,0,1,0,0,0,0,1,1,0,0,1,0,7.760471291778932,7.377765158208342,4.882877677292668,360.0,1
0.0,0,1,0,1,1,0,0,0,0,1,1,0,0,0,1,8.00969867999654,8.050706570240724,4.852108385868018,360.0,0
1.0,0,1,0,1,1,0,0,0,1,0,1,0,0,0,1,7.754914558338862,7.7902865180552885,4.912728412444662,360.0,1
1.0,0,1,0,1,1,0,0,0,1,0,1,0,1,0,0,8.610320991561496,-4.605170185988091,4.828393734102471,360.0,1
1.0,0,1,1,0,0,0,0,1,1,0,1,0,1,0,0,9.123366448830604,-4.605170185988091,5.220409877671511,360.0,1
1.0,0,1,0,1,0,0,0,1,1,0,1,0,1,0,0,9.159469093790424,-4.605170185988091,5.616807460641794,360.0,1
1.0,0,1,0,1,1,0,0,0,1,0,1,0,0,0,1,7.856710664555632,7.656814819601588,4.78757507264335,360.0,1
1.0,0,1,0,1,0,0,1,0,0,1,1,0,0,1,0,7.597401337761672,7.393269248591057,4.72747631037206,180.0,1
1.0,0,1,0,1,0,0,1,0,1,0,1,0,0,0,1,8.039160616274486,7.244234658434983,4.72747631037206,360.0,1
1.0,0,1,0,1,0,0,1,0,1,0,1,0,0,1,0,8.094381497471353,6.1821055676602175,4.905348849769155,360.0,1
0.0,1,0,1,0,1,0,0,0,1,0,1,0,0,0,1,8.064639620423366,-4.605170185988091,4.262820712194002,360.0,0
1.0,0,1,0,1,1,0,0,0,1,0,1,0,0,0,1,8.017310804748757,7.285513402508893,4.553982149218658,360.0,1
1.0,0,1,1,0,1,0,0,0,0,1,1,0,1,0,0,8.269247083968086,7.418186825109734,4.691439621140267,360.0,1
0.0,1,0,1,0,1,0,0,0,1,0,1,0,0,1,0,7.313227053734746,7.495547499424379,4.634826070895602,360.0,0
0.0,0,1,0,1,0,0,1,0,0,1,1,0,0,0,1,7.968669161865575,-4.605170185988091,3.806884687304841,180.0,0
1.0,0,1,1,0,1,0,0,0,0,1,1,0,1,0,0,7.921176351344493,-4.605170185988091,4.174541104216377,300.0,0
1.0,0,1,1,0,1,0,0,0,1,0,1,0,0,1,0,7.824050010848293,9.903488052536003,4.634826070895602,360.0,1
1.0,1,0,1,0,1,0,0,0,0,1,1,0,0,1,0,7.58223428850699,-4.605170185988091,3.9704805749997147,360.0,1
1.0,1,0,1,0,1,0,0,0,1,0,0,1,1,0,0,8.914761871301748,-4.605170185988091,5.267909704126611,360.0,0
1.0,1,0,1,0,1,0,0,0,1,0,1,0,0,1,0,8.422225153074846,-4.605170185988091,4.74501908110449,360.0,1
1.0,0,1,0,1,1,0,0,0,0,1,1,0,0,0,1,7.681103616200377,7.783228182994023,4.74501908110449,360.0,1
1.0,1,0,1,0,1,0,0,0,0,1,1,0,1,0,0,7.702108858793665,-4.605170185988091,4.189806245700679,360.0,1
0.0,0,1,0,1,0,1,0,0,1,0,1,0,0,1,0,9.02401199860324,-4.605170185988091,5.023946308155928,300.0,0
0.0,0,1,0,1,0,0,0,1,1,0,1,0,1,0,0,11.302204557111358,-4.605170185988091,5.886131808842138,360.0,0
1.0,1,0,1,0,0,1,0,0,0,1,0,1,0,1,0,8.26023687758792,-4.605170185988091,4.127295662361787,360.0,0
1.0,0,1,0,1,1,0,0,0,1,0,1,0,0,0,1,8.741297880689343,-4.605170185988091,5.075236313280783,360.0,1
0.0,0,1,0,1,1,0,0,0,0,1,1,0,1,0,0,8.715389737785085,-4.605170185988091,5.3845409332966545,360.0,0
1.0,0,1,0,1,1,0,0,0,0,1,1,0,1,0,0,7.720022378948803,7.617272732455403,4.700571270751344,360.0,1
0.0,1,0,0,1,1,0,0,0,0,1,1,0,0,1,0,7.672762549958812,8.082405343201671,5.181839728489342,360.0,0
1.0,1,0,1,0,1,0,0,0,1,0,1,0,0,0,1,8.00470284944214,-4.605170185988091,4.094511215001422,360.0,1
1.0,1,0,1,0,0,1,0,0,1,0,1,0,0,0,1,7.863270570156023,-4.605170185988091,5.075236313280783,360.0,0
1.0,0,1,0,1,0,0,1,0,1,0,0,1,0,0,1,7.377765158208342,9.903488052536003,5.476505392060385,360.0,0
1.0,0,1,0,1,1,0,0,0,1,0,1,0,1,0,0,6.9324576476224795,7.927688651811945,4.718588153023648,360.0,1
1.0,0,1,0,1,1,0,0,0,1,0,1,0,0,1,0,8.085181828784517,7.256304296828799,4.927326146299949,360.0,1
1.0,0,1,0,1,1,0,0,0,1,0,1,0,1,0,0,8.670602453604209,-4.605170185988091,4.927326146299949,360.0,1
0.0,1,0,1,0,1,0,0,0,0,1,1,0,0,0,1,7.908390835753873,-4.605170185988091,4.382151626862033,360.0,0
1.0,0,1,0,1,1,0,0,0,1,0,1,0,0,0,1,7.506597274561241,7.449503822701589,4.605270180988425,360.0,1
0.0,0,1,0,1,0,1,0,0,1,0,1,0,0,0,1,8.888758127158114,7.418786881533041,4.700571270751344,360.0,0
1.0,0,1,0,1,1,0,0,0,1,0,1,0,0,1,0,9.607773980429867,-4.605170185988091,4.564452352709533,360.0,1
1.0,0,1,0,1,1,0,0,0,1,0,1,0,1,0,0,7.888338251669354,8.366372627260345,4.7958731868099616,360.0,1
1.0,1,0,1,0,0,1,0,0,0,1,1,0,1,0,0,8.435117251459472,-4.605170185988091,4.3945726038424,360.0,0
1.0,0,1,0,1,0,0,1,0,1,0,1,0,0,1,0,8.688623991962315,-4.605170185988091,4.890424313365204,360.0,1
1.0,0,1,0,1,1,0,0,0,1,0,1,0,1,0,0,7.9793423199139974,2.7806809442139917,4.466023054577933,360.0,1
1.0,0,1,1,0,1,0,0,0,0,1,1,0,0,0,1,7.907287289949571,-4.605170185988091,4.094511215001422,180.0,1
1.0,1,0,1,0,0,1,0,0,1,0,0,1,0,1,0,9.062305452702837,-4.605170185988091,5.010701958540799,360.0,1
0.0,0,1,1,0,1,0,0,0,1,0,1,0,1,0,0,8.779558994344084,-4.605170185988091,4.654055583717902,360.0,0
1.0,0,1,1,0,1,0,0,0,1,0,1,0,0,1,0,9.463121169057105,-4.605170185988091,6.003911758159737,360.0,1
1.0,0,1,0,1,1,0,0,0,1,0,1,0,0,1,0,7.793590927074422,7.757910481846889,4.962914557884844,360.0,1
1.0,0,1,1,0,1,0,0,0,1,0,1,0,0,0,1,8.229513785627567,-4.605170185988091,4.605270180988425,360.0,1
1.0,1,0,0,1,1,0,0,0,1,0,1,0,0,1,0,9.215030356783805,-4.605170185988091,4.852108385868018,240.0,1
1.0,0,1,1,0,1,0,0,0,1,0,1,0,0,1,0,7.563205784452588,7.523486715044047,3.9122229854308124,360.0,1
1.0,0,1,0,1,1,0,0,0,1,0,1,0,0,0,1,7.702108858793665,7.025547203487903,4.852108385868018,360.0,1
0.0,0,1,1,0,1,0,0,0,1,0,0,1,0,0,1,9.251099324509333,-4.605170185988091,5.231162091360629,360.0,0
1.0,1,0,0,1,1,0,0,0,0,1,0,1,1,0,0,8.873749528321433,-4.605170185988091,4.927326146299949,360.0,1
1.0,0,1,1,0,1,0,0,0,1,0,1,0,0,1,0,8.205221158632117,8.5299139385456,5.231162091360629,360.0,1
1.0,0,1,0,1,1,0,0,0,1,0,1,0,1,0,0,8.974745878384507,7.5137147033621945,5.193012404902613,360.0,1
1.0,0,1,1,0,0,0,0,1,0,1,1,0,0,1,0,8.456808165894317,7.597401337761672,4.997279839049098,360.0,1
1.0,0,1,1,0,0,1,0,0,1,0,1,0,0,1,0,10.53791949037963,-4.605170185988091,5.023946308155928,360.0,1
1.0,0,1,0,1,1,0,0,0,1,0,1,0,1,0,0,8.90014135179122,9.027980014429488,5.164843115148066,300.0,1
1.0,0,1,0,1,0,1,0,0,1,0,0,1,1,0,0,8.150759355441615,7.098383903019446,4.867611370574077,360.0,1
1.0,0,1,0,1,0,0,1,0,0,1,1,0,1,0,0,8.445054663249314,-4.605170185988091,4.700571270751344,360.0,1
1.0,0,1,0,1,1,0,0,0,1,0,1,0,1,0,0,8.171602305998437,7.2269432859087415,4.007514986887367,360.0,0
0.0,0,1,0,1,0,0,1,0,1,0,1,0,1,0,0,8.11372907997824,7.444254497432823,5.010701958540799,360.0,0
1.0,0,1,1,0,0,1,0,0,0,1,0,1,0,1,0,7.926245134576503,7.340842039186553,5.24707670235444,360.0,0
0.0,0,1,0,1,0,0,1,0,0,1,1,0,1,0,0,7.744574140224286,7.134898819661629,4.828393734102471,360.0,0
1.0,0,1,0,1,0,0,1,0,0,1,1,0,0,0,1,7.579683930329712,7.283455096864914,4.094511215001422,300.0,1
0.0,0,1,0,1,1,0,0,0,1,0,1,0,1,0,0,8.28096693347823,7.457615060039408,5.004013417787369,360.0,0
0.0,0,1,0,1,1,0,0,0,1,0,1,0,1,0,0,7.817226812886283,7.810356738866108,4.499920775268994,180.0,1
1.0,0,1,1,0,1,0,0,0,1,0,0,1,0,1,0,8.86573656355639,-4.605170185988091,4.4309358393767555,360.0,1
1.0,0,1,0,1,0,0,1,0,1,0,1,0,0,1,0,8.25816595287917,-4.605170185988091,4.564452352709533,360.0,1
1.0,0,1,0,1,1,0,0,0,1,0,1,0,0,0,1,8.366605157821722,-4.605170185988091,4.770769366637658,360.0,1
1.0,0,1,0,1,1,0,0,0,1,0,1,0,0,0,1,8.218250623553738,7.851275889667508,5.153349396295431,360.0,0
1.0,0,1,1,0,0,0,1,0,1,0,1,0,1,0,0,8.378852538530486,-4.605170185988091,4.912728412444662,360.0,1
1.0,0,1,0,1,1,0,0,0,1,0,1,0,0,1,0,9.028100011885687,-4.605170185988091,5.075236313280783,360.0,0
1.0,0,1,0,1,1,0,0,0,1,0,0,1,0,1,0,7.641569242017571,8.314589740496102,5.075236313280783,360.0,1
1.0,0,1,0,1,0,0,0,1,1,0,1,0,0,0,1,8.954158258572603,-4.605170185988091,4.852108385868018,180.0,1
1.0,0,1,0,1,1,0,0,0,1,0,1,0,1,0,0,8.011358425905371,7.69074773391534,5.030503278733722,360.0,1
1.0,1,0,1,0,0,1,0,0,0,1,1,0,0,1,0,8.55468356223647,-4.605170185988091,4.882877677292668,360.0,1
0.0,0,1,1,0,1,0,0,0,1,0,1,0,0,1,0,8.334714022202098,-4.605170185988091,4.585069514281089,360.0,0
1.0,0,1,1,0,1,0,0,0,1,0,1,0,1,0,0,8.69951641487547,-4.605170185988091,4.941713848629834,360.0,1
0.0,0,1,0,1,0,0,0,1,0,1,1,0,0,0,1,7.9885463760132405,7.4169856309784805,4.248638088989106,180.0,0
1.0,0,1,0,1,1,0,0,0,1,0,1,0,0,1,0,9.722685440800648,-4.605170185988091,4.700571270751344,360.0,1
1.0,1,0,0,1,0,0,1,0,0,1,1,0,0,1,0,5.3471551486313365,7.978314398041482,4.585069514281089,360.0,1
1.0,0,1,0,1,1,0,0,0,1,0,1,0,0,0,1,8.374017729607083,7.8042554634871495,4.700571270751344,360.0,0
1.0,0,1,0,1,0,1,0,0,1,0,0,1,0,1,0,8.14613240857193,7.639647097851255,5.087658061722327,360.0,1
0.0,0,1,0,1,0,1,0,0,0,1,1,0,1,0,0,7.883450123448389,7.313227053734746,4.72747631037206,180.0,0
1.0,0,1,0,1,0,0,0,1,1,0,1,0,0,1,0,8.453403190067819,-4.605170185988091,4.605270180988425,360.0,1
1.0,1,0,1,0,1,0,0,0,1,0,0,1,0,0,1,7.824050010848293,-4.605170185988091,4.532707014254376,360.0,1
1.0,0,1,1,0,0,0,1,0,1,0,1,0,1,0,0,8.618306500447513,8.444194449992427,5.087658061722327,360.0,1
1.0,0,1,0,1,0,0,1,0,1,0,0,1,1,0,0,9.712630269863425,6.921668046035439,5.010701958540799,360.0,1
1.0,0,1,0,1,0,0,1,0,1,0,1,0,0,1,0,8.809864297915258,7.467376781186948,5.438122786238913,300.0,1
0.0,0,1,0,1,0,0,1,0,1,0,1,0,0,1,0,7.963115539655446,7.534767998903612,4.882877677292668,360.0,0
1.0,0,1,0,1,0,1,0,0,1,0,0,1,0,1,0,9.721186595529996,7.718689939633034,4.454463568563388,360.0,1
1.0,0,1,0,1,0,0,1,0,1,0,1,0,0,0,1,7.9885463760132405,7.379638390893277,4.852108385868018,360.0,0
1.0,1,0,1,0,1,0,0,0,0,1,1,0,1,0,0,8.377933422930662,-4.605170185988091,5.037017535370374,360.0,1
1.0,0,1,0,1,0,0,0,1,0,1,1,0,1,0,0,8.037546416131248,-4.605170185988091,4.72747631037206,360.0,1
1.0,0,1,0,1,1,0,0,0,1,0,1,0,0,1,0,7.641569242017571,8.055160906417814,4.852108385868018,360.0,1
1.0,0,1,0,1,1,0,0,0,1,0,1,0,0,1,0,9.290353233050467,-4.605170185988091,5.455363849487321,360.0,1
1.0,0,1,0,1,0,0,1,0,1,0,1,0,0,1,0,9.027980014429488,-4.605170185988091,5.505372185512662,360.0,1
1.0,0,1,0,1,0,1,0,0,0,1,1,0,1,0,0,7.579683930329712,7.798116733911674,4.87527365616558,360.0,1
0.0,0,1,1,0,0,0,1,0,1,0,1,0,1,0,0,8.173860274053549,-4.605170185988091,4.382151626862033,360.0,0
1.0,0,1,0,1,0,1,0,0,1,0,1,0,0,0,1,9.81645853902734,-4.605170185988091,6.214628098222194,360.0,0
1.0,0,1,0,1,0,0,1,0,1,0,0,1,0,1,0,8.430111266483614,7.641569242017571,5.075236313280783,360.0,1
1.0,0,1,1,0,1,0,0,0,1,0,1,0,0,0,1,7.797706142284438,-4.605170185988091,4.317621437981545,360.0,0
1.0,0,1,1,0,1,0,0,0,0,1,1,0,0,1,0,7.900640318087095,7.932006743019211,4.564452352709533,360.0,1
1.0,0,1,0,1,0,1,0,0,0,1,1,0,0,0,1,8.581671085716039,7.030866317810013,5.22580043570886,360.0,1
1.0,0,1,1,0,1,0,0,0,0,1,1,0,1,0,0,8.213655412319204,-4.605170185988091,4.700571270751344,360.0,1
1.0,1,0,1,0,1,0,0,0,0,1,0,1,0,1,0,9.756321341089972,-4.605170185988091,5.41614484566124,360.0,1
0.0,0,1,0,1,1,0,0,0,1,0,1,0,1,0,0,8.187858223786282,7.6764782824470235,4.779207523194349,360.0,0
1.0,1,0,0,1,0,1,0,0,1,0,1,0,0,1,0,8.109528666362905,6.816746833437505,4.654055583717902,84.0,1
1.0,0,1,0,1,1,0,0,0,0,1,1,0,1,0,0,7.863270570156023,7.438389412379948,4.67292228803891,360.0,1
1.0,0,1,0,1,1,0,0,0,1,0,1,0,0,0,1,8.43923381210635,7.9575309023996565,4.709620287344555,12.0,1
1.0,0,1,0,1,0,1,0,0,1,0,0,1,0,1,0,7.9707438442325635,-4.605170185988091,4.553982149218658,360.0,1
0.0,0,1,1,0,1,0,0,0,1,0,1,0,1,0,0,8.745604443998051,8.392991852447121,5.3423820977101375,360.0,0
1.0,1,0,1,0,1,0,0,0,1,0,1,0,1,0,0,6.469265820551557,8.211485631619224,4.72747631037206,480.0,1
1.0,1,0,1,0,1,0,0,0,1,0,1,0,0,1,0,8.058013966355796,-4.605170185988091,4.605270180988425,360.0,1
1.0,0,1,0,1,0,0,1,0,1,0,1,0,0,1,0,8.489824050116452,8.634800211582803,5.3375861554687365,360.0,1
1.0,0,1,0,1,0,1,0,0,0,1,1,0,1,0,0,8.306474629233339,8.575841272927917,4.927326146299949,360.0,0
1.0,0,1,0,1,1,0,0,0,0,1,1,0,0,1,0,8.246436408076173,7.301829085203532,4.820362207514681,300.0,1
1.0,0,1,0,1,0,0,1,0,1,0,1,0,1,0,0,8.163374165458702,8.392991852447121,5.493102594757191,360.0,1
1.0,0,1,0,1,1,0,0,0,1,0,1,0,0,0,1,9.944294026935946,8.804926762541939,6.173806937018259,360.0,1
1.0,0,1,1,0,1,0,0,0,1,0,1,0,0,0,1,8.183958508258357,-4.605170185988091,4.564452352709533,360.0,0
1.0,0,1,0,1,1,0,0,0,1,0,0,1,0,0,1,7.815614565911686,8.010694858076006,5.236495152904694,360.0,1
1.0,1,0,1,0,0,1,0,0,1,0,1,0,0,0,1,9.492658835962612,-4.605170185988091,3.6891294228691436,360.0,1
1.0,0,1,1,0,1,0,0,0,0,1,1,0,1,0,0,8.188136193828461,7.16007697757371,4.605270180988425,360.0,0
1.0,0,1,0,1,0,1,0,0,1,0,1,0,0,1,0,8.710291470181408,7.602905452212266,5.5215009170622675,360.0,1
1.0,0,1,0,1,0,0,1,0,1,0,1,0,0,0,1,8.096515963491472,7.618256011869535,4.997279839049098,360.0,1
1.0,0,1,0,1,1,0,0,0,1,0,1,0,0,1,0,7.663881953528131,8.804776759016574,4.248638088989106,180.0,0
1.0,0,1,1,0,1,0,0,0,1,0,1,0,1,0,0,8.668197784641741,8.206859156164615,5.739825066003131,360.0,0
1.0,0,1,0,1,0,0,0,1,1,0,1,0,1,0,0,8.150759355441615,8.139735196866274,5.010701958540799,360.0,1
1.0,1,0,0,1,0,0,1,0,1,0,1,0,0,1,0,7.616288485251178,7.39756766295626,4.72747631037206,480.0,1
0.0,0,1,0,1,1,0,0,0,0,1,1,0,0,1,0,8.030738177183686,7.495547499424379,4.8122656528806935,360.0,0
1.0,0,1,1,0,1,0,0,0,1,0,1,0,0,1,0,8.451696344564564,7.557478123533227,5.220409877671511,360.0,0
1.0,1,0,1,0,1,0,0,0,0,1,1,0,1,0,0,8.131533651776397,-4.605170185988091,4.553982149218658,360.0,0
1.0,0,1,0,1,0,0,1,0,0,1,1,0,0,1,0,7.692574210101296,7.4627948979241,3.806884687304841,360.0,1
1.0,0,1,1,0,1,0,0,0,1,0,1,0,0,1,0,7.824050010848293,-4.605170185988091,4.007514986887367,360.0,1
1.0,0,1,0,1,0,0,0,1,1,0,0,1,1,0,0,8.644179964662921,7.261232114419173,4.605270180988425,360.0,1
1.0,0,1,0,1,0,0,1,0,1,0,0,1,1,0,0,8.980676861849075,8.877104293342574,6.173806937018259,360.0,1
1.0,0,1,1,0,1,0,0,0,1,0,1,0,0,1,0,8.451055525661546,7.643487698632564,4.852108385868018,360.0,0
1.0,0,1,0,1,0,0,1,0,1,0,0,1,1,0,0,9.769956731340013,-4.605170185988091,5.991489546795487,360.0,1
1.0,0,1,0,1,1,0,0,0,1,0,1,0,0,1,0,8.236158310686239,-4.605170185988091,4.700571270751344,360.0,1
0.0,0,1,0,1,0,1,0,0,0,1,1,0,0,1,0,8.572629790450135,7.265436716236495,5.081466474856847,360.0,1
1.0,0,1,1,0,0,1,0,0,0,1,1,0,0,1,0,7.893202602273738,7.171664503230571,4.543401159590459,360.0,1
1.0,0,1,1,0,1,0,0,0,0,1,1,0,0,1,0,8.822176235218913,-4.605170185988091,4.867611370574077,360.0,1
1.0,0,1,0,1,1,0,0,0,1,0,1,0,1,0,0,6.9324576476224795,8.612505189400727,5.375324702908821,360.0,1
1.0,0,1,0,1,0,0,0,1,1,0,1,0,0,0,1,8.361944242045045,-4.605170185988091,4.605270180988425,360.0,1
0.0,0,1,1,0,0,0,1,0,1,0,1,0,1,0,0,8.185353010242807,-4.605170185988091,4.700571270751344,360.0,0
1.0,0,1,1,0,0,1,0,0,1,0,1,0,0,1,0,9.328124296521061,-4.605170185988091,5.278165678337183,360.0,0
1.0,1,0,1,0,1,0,0,0,0,1,0,1,0,0,1,9.807252495164372,-4.605170185988091,4.828393734102471,360.0,1
1.0,0,1,1,0,1,0,0,0,0,1,1,0,1,0,0,7.84385255971341,7.621689895872267,4.836361268881602,360.0,1
1.0,0,1,0,1,1,0,0,0,1,0,1,0,0,0,1,8.721440936148053,8.270271671597198,5.780774379513571,360.0,1
1.0,0,1,1,0,0,0,1,0,1,0,1,0,0,1,0,8.193402996670422,-4.605170185988091,4.67292228803891,360.0,1
1.0,0,1,0,1,1,0,0,0,0,1,1,0,1,0,0,7.978314398041482,6.284152817613186,4.189806245700679,360.0,0
1.0,0,1,0,1,0,0,0,1,1,0,1,0,1,0,0,8.766707556109905,-4.605170185988091,5.0563094975874305,180.0,1
1.0,1,0,0,1,0,1,0,0,1,0,1,0,0,1,0,8.435551372512261,7.953321861492743,4.941713848629834,180.0,1
0.0,1,0,1,0,1,0,0,0,1,0,1,0,0,1,0,7.667630768842527,-4.605170185988091,4.595220855134423,360.0,0
1.0,1,0,1,0,0,1,0,0,1,0,1,0,0,1,0,8.20303297993674,-4.605170185988091,4.553982149218658,360.0,1
1.0,0,1,0,1,0,1,0,0,0,1,1,0,0,0,1,7.71378908286837,7.83360418561839,4.852108385868018,360.0,1
1.0,1,0,0,1,1,0,0,0,0,1,1,0,0,1,0,8.012021553704447,6.496790073028375,4.625070847694428,360.0,1
1.0,0,1,0,1,1,0,0,0,1,0,1,0,1,0,0,7.925883929447798,7.575589779749771,5.043489630967203,360.0,1
1.0,0,1,1,0,1,0,0,0,0,1,1,0,0,1,0,8.119103815596125,-4.605170185988091,4.382151626862033,36.0,0
1.0,0,1,1,0,1,0,0,0,1,0,1,0,1,0,0,7.834396261730787,7.4860582263723705,4.976802705559804,360.0,1
0.0,1,0,1,0,1,0,0,0,1,0,1,0,0,1,0,8.517195191414238,-4.605170185988091,4.634826070895602,360.0,0
1.0,0,1,0,1,1,0,0,0,1,0,1,0,1,0,0,7.932006743019211,7.608875589496417,4.700571270751344,360.0,1
0.0,0,1,0,1,0,0,1,0,1,0,0,1,1,0,0,8.799813977137868,-4.605170185988091,4.852108385868018,360.0,0
1.0,0,1,0,1,0,1,0,0,0,1,1,0,1,0,0,7.820844892740384,7.772756926986193,4.852108385868018,360.0,1
1.0,0,1,0,1,0,1,0,0,1,0,1,0,0,0,1,8.111631078603269,8.086413352242127,5.062658322163408,360.0,1
0.0,0,1,0,1,1,0,0,0,0,1,1,0,0,0,1,7.805478700242179,7.754914558338862,5.198552278358462,360.0,0
0.0,0,1,0,1,1,0,0,0,1,0,1,0,1,0,0,8.18674557029918,8.358434243144817,4.882877677292668,180.0,0
1.0,0,1,0,1,0,1,0,0,1,0,1,0,0,1,0,8.606670026664407,6.939263635917042,3.25848107946056,360.0,1
1.0,1,0,1,0,1,0,0,0,1,0,1,0,0,0,1,7.888713273706293,7.393269248591057,4.4309358393767555,360.0,1
1.0,0,1,0,1,0,0,0,1,1,0,0,1,0,1,0,9.224145639242655,-4.605170185988091,5.560720091814363,360.0,1
1.0,0,1,0,1,1,0,0,0,1,0,1,0,0,1,0,8.265395503527072,7.889462896119124,5.087658061722327,360.0,1
1.0,1,0,0,1,1,0,0,0,1,0,1,0,0,1,0,8.338068917860438,7.743274037333045,5.204061630622316,360.0,1
1.0,0,1,0,1,0,0,1,0,0,1,1,0,0,1,0,8.20931113273167,5.488979047616993,4.682223815430383,360.0,1
1.0,1,0,0,1,0,1,0,0,1,0,0,1,0,1,0,9.877349408167936,-4.605170185988091,6.3969463217439255,360.0,1
1.0,0,1,0,1,1,0,0,0,1,0,1,0,1,0,0,8.686600044609154,7.627549259025825,5.3519055257179655,360.0,1
1.0,0,1,1,0,1,0,0,0,0,1,0,1,0,1,0,8.665614920670956,-4.605170185988091,4.882877677292668,360.0,1
0.0,0,1,0,1,0,0,1,0,1,0,1,0,0,0,1,9.082394494137699,-4.605170185988091,5.552998343860403,360.0,0
1.0,0,1,0,1,1,0,0,0,0,1,1,0,1,0,0,8.40447455998852,-4.605170185988091,4.78757507264335,360.0,1
1.0,0,1,1,0,1,0,0,0,1,0,1,0,0,0,1,8.111631078603269,-4.605170185988091,4.248638088989106,360.0,1
0.0,0,1,0,1,0,0,0,1,1,0,1,0,1,0,0,8.131533651776397,7.824050010848293,4.8122656528806935,360.0,0
1.0,1,0,1,0,1,0,0,0,1,0,1,0,0,0,1,7.774019282456352,-4.605170185988091,2.1983350716202463,360.0,0
0.0,0,1,0,1,1,0,0,0,1,0,1,0,0,0,1,8.060227398995666,7.632405971550957,4.644487048365042,360.0,0
1.0,0,1,0,1,0,1,0,0,1,0,1,0,0,0,1,8.136521178654762,7.467376781186948,5.22580043570886,360.0,1
0.0,0,1,0,1,1,0,0,0,1,0,1,0,0,0,1,8.540130117348895,7.280015144659199,5.106006078124714,360.0,0
1.0,0,1,0,1,0,0,1,0,1,0,1,0,0,0,1,9.721126594965973,-4.605170185988091,5.616807460641794,360.0,1
1.0,0,1,0,1,0,0,1,0,0,1,1,0,0,1,0,8.720135668064657,7.393269248591057,5.231162091360629,480.0,0
1.0,0,1,0,1,0,0,0,1,1,0,1,0,0,1,0,8.764991891204414,-4.605170185988091,5.010701958540799,360.0,0
1.0,0,1,0,1,0,0,1,0,1,0,1,0,0,0,1,8.058013966355796,6.133419734735351,4.682223815430383,84.0,1
0.0,0,1,0,1,1,0,0,0,1,0,1,0,0,1,0,8.034958263887907,7.700752319388439,4.912728412444662,360.0,0
1.0,0,1,1,0,1,0,0,0,1,0,1,0,0,0,1,8.079930867687516,7.91535182022392,4.700571270751344,360.0,1
1.0,0,1,0,1,0,1,0,0,1,0,1,0,1,0,0,7.4854972196872875,7.710657803777903,4.67292228803891,360.0,1
1.0,0,1,1,0,1,0,0,0,1,0,1,0,0,0,1,8.065268351570355,7.978314398041482,5.081466474856847,360.0,1
1.0,0,1,0,1,0,0,1,0,1,0,1,0,0,1,0,8.785693973502063,-4.605170185988091,5.323058758436484,360.0,1
1.0,0,1,1,0,1,0,0,0,1,0,1,0,0,0,1,7.5153500177886965,10.429310452842458,4.499920775268994,360.0,0
1.0,1,0,0,1,1,0,0,0,1,0,1,0,0,1,0,8.060227398995666,-4.605170185988091,3.583796677660784,360.0,1
1.0,0,1,0,1,0,1,0,0,1,0,1,0,1,0,0,7.539032374958785,-4.605170185988091,4.111037785163761,360.0,0
0.0,0,1,0,1,0,1,0,0,1,0,1,0,1,0,0,7.93272461556306,7.558521959516129,4.983675112513472,360.0,0
1.0,0,1,0,1,0,1,0,0,1,0,1,0,1,0,0,8.362411312424692,8.006370900978025,5.1475526146582995,84.0,0
1.0,0,1,0,1,1,0,0,0,1,0,1,0,0,0,1,7.739363556184193,7.327787108702281,4.644487048365042,360.0,1
1.0,1,0,1,0,1,0,0,0,0,1,1,0,0,1,0,7.680180259363567,-4.605170185988091,4.248638088989106,360.0,1
1.0,0,1,1,0,1,0,0,0,1,0,1,0,0,1,0,8.46590200228963,-4.605170185988091,4.543401159590459,360.0,1
0.0,0,1,0,1,0,0,1,0,1,0,0,1,0,1,0,7.9105942806283265,-4.605170185988091,4.663533429285006,360.0,0
1.0,0,1,0,1,1,0,0,0,1,0,1,0,0,1,0,8.006370900978025,8.136228482304643,4.025530246221741,180.0,1
1.0,0,1,0,1,0,0,1,0,1,0,0,1,0,1,0,8.69951641487547,-4.605170185988091,5.323058758436484,240.0,0
1.0,0,1,1,0,0,0,0,1,1,0,0,1,0,1,0,9.14388107399395,-4.605170185988091,5.676788048257223,360.0,1
1.0,0,1,0,1,1,0,0,0,1,0,1,0,1,0,0,8.25816595287917,8.10168077775301,4.955897477656921,180.0,1
1.0,0,1,0,1,1,0,0,0,1,0,0,1,0,0,1,9.687816636407822,-4.605170185988091,5.560720091814363,360.0,1
1.0,0,1,1,0,1,0,0,0,0,1,1,0,1,0,0,8.251405674299667,-4.605170185988091,4.700571270751344,360.0,1
1.0,0,1,0,1,0,0,1,0,0,1,0,1,1,0,0,8.761395051916274,6.907765278932137,5.231162091360629,360.0,0
0.0,0,1,1,0,1,0,0,0,1,0,1,0,0,1,0,8.002028166051149,-4.605170185988091,4.47745044438572,360.0,0
1.0,0,1,0,1,1,0,0,0,1,0,0,1,1,0,0,9.206634513758093,-4.605170185988091,5.193012404902613,360.0,1
1.0,0,1,0,1,0,0,1,0,1,0,1,0,0,0,1,8.662160691768733,-4.605170185988091,5.2575474540048255,360.0,1
1.0,1,0,1,0,0,0,0,1,1,0,1,0,0,0,1,6.030709298433883,10.63746496758238,5.857961725503875,180.0,0
1.0,0,1,0,1,1,0,0,0,0,1,1,0,1,0,0,7.970398362610476,7.93451704553774,5.043489630967203,360.0,1
1.0,0,1,0,1,0,0,0,1,1,0,1,0,0,0,1,8.64874938461809,-4.605170185988091,4.852108385868018,360.0,1
1.0,0,1,1,0,1,0,0,0,1,0,1,0,1,0,0,8.209583203820083,8.366605157821722,5.1475526146582995,360.0,1
1.0,1,0,0,1,0,1,0,0,1,0,1,0,0,1,0,9.392662762103123,-4.605170185988091,6.206596087812014,360.0,1
1.0,0,1,0,1,1,0,0,0,0,1,1,0,0,0,1,7.783228182994023,8.242758977289961,4.852108385868018,180.0,0
1.0,0,1,0,1,0,1,0,0,1,0,1,0,0,1,0,8.131533651776397,7.824050010848293,5.153349396295431,360.0,1
1.0,0,1,0,1,0,0,1,0,0,1,1,0,1,0,0,8.290796855529702,7.252061038999918,5.0563094975874305,360.0,1
1.0,0,1,0,1,1,0,0,0,1,0,1,0,1,0,0,8.080859513695605,7.575589779749771,4.682223815430383,360.0,1
1.0,1,0,1,0,1,0,0,0,1,0,1,0,1,0,0,7.972469464244482,-4.605170185988091,4.262820712194002,360.0,1
1.0,0,1,0,1,0,0,0,1,1,0,1,0,1,0,0,8.320207033036215,-4.605170185988091,3.6891294228691436,180.0,1
1.0,0,1,0,1,0,1,0,0,1,0,1,0,0,0,1,8.996157800883024,5.4806805891406265,5.5334290136381,360.0,1
1.0,0,1,0,1,0,0,1,0,1,0,1,0,0,0,1,8.933665497439351,-4.605170185988091,5.231162091360629,360.0,1
0.0,1,0,1,0,1,0,0,0,1,0,0,1,0,1,0,8.430111266483614,-4.605170185988091,4.890424313365204,360.0,0
